"N","Site","Nest","Tree","DBH","Stage","Ht","logDBH"
349,"COA","TC","PSME",142,2,44,4.95582705760126
351,"COA","SC","PSME",130,2,30,4.86753445045558
352,"COA","TC","PSME",120,2,24,4.78749174278205
353,"COA","TC","PSME",168,2,61,5.12396397940326
354,"COA","TC","PSME",197,2,54,5.28320372873799
355,"COA","TC","PSME",190,2,62,5.24702407216049
356,"COA","TC","PSME",177,2,60,5.17614973257383
357,"COA","SC","THPL",152,2,25,5.02388052084628
358,"COA","TC","PSME",132,2,53,4.88280192258637
359,"COA","TC","PSME",179,2,64,5.18738580584075
360,"COA","TC","PSME",189,2,65,5.24174701505964
361,"COA","TC","PSME",137,2,44,4.91998092582813
362,"COA","TC","PSME",138,2,27,4.92725368515721
363,"COA","TC","PSME",131,2,41,4.87519732320115
364,"COA","TC","PSME",132,2,33,4.88280192258637
365,"COA","TC","PSME",107,2,28,4.67282883446191
366,"COA","TC","PSME",149,2,52,5.00394630594546
367,"COA","TC","PSME",121,2,42,4.79579054559674
368,"COA","TC","PSME",196,2,59,5.27811465923052
369,"COA","TC","PSME",109,2,45,4.69134788222914
370,"COA","TC","PSME",180,2,37,5.19295685089021
371,"COA","TC","PSME",136,2,44,4.91265488573605
372,"COA","TC","PSME",171,2,57,5.14166355650266
373,"COA","TC","PSME",135,2,42,4.90527477843843
374,"COA","TC","PSME",94,2,37,4.54329478227
375,"COA","TC","PSME",142,2,53,4.95582705760126
376,"COA","TC","PSME",135,2,24,4.90527477843843
377,"COA","SC","TSHE",83,2,39,4.4188406077966
378,"COA","SC","THPL",168,1,40,5.12396397940326
379,"COA","TC","PSME",151,2,54,5.01727983681492
380,"COA","TC","PSME",127,2,44,4.84418708645859
381,"COA","TC","PSME",213,2,47,5.36129216570943
382,"COA","SC","PSME",122,2,36,4.80402104473326
383,"COA","TC","PSME",148,2,25,4.99721227376411
384,"COA","TC","PSME",91,2,54,4.51085950651685
385,"COA","TC","PSME",102,2,38,4.62497281328427
386,"COA","TC","PSME",188,2,40,5.23644196282995
387,"COA","TC","PSME",137,2,52,4.91998092582813
388,"COA","TC","PSME",144,2,38,4.969813299576
389,"COA","PL","PSME",149,1,52,5.00394630594546
391,"COA","TC","PSME",143,2,58,4.96284463025991
392,"COA","TC","PSME",117,2,46,4.76217393479776
393,"COA","TC","PSME",150,2,47,5.01063529409626
394,"COA","TC","PSME",171,2,50,5.14166355650266
395,"COA","TC","PSME",113,2,40,4.72738781871234
396,"COA","SC","PSME",188,2,40,5.23644196282995
397,"COA","TC","PSME",109,2,42,4.69134788222914
398,"COA","TC","PSME",142,2,45,4.95582705760126
399,"COA","TC","PSME",99,2,23,4.59511985013459
400,"COA","TC","PSME",153,2,40,5.03043792139244
401,"COA","TC","PSME",170,2,51,5.13579843705026
402,"COA","TC","PSME",130,2,33,4.86753445045558
403,"COA","TC","PSME",159,2,35,5.06890420222023
404,"COA","SC","PSME",93,1,56,4.53259949315326
405,"COA","TC","PSME",109,2,43,4.69134788222914
407,"COA","TC","PSME",145,2,33,4.97673374242057
408,"COA","SC","PSME",118,2,37,4.77068462446567
409,"COA","TC","PSME",161,1,52,5.08140436498446
410,"COA","SC","THPL",151,2,46,5.01727983681492
411,"COA","SC","PSME",170,2,34,5.13579843705026
412,"COA","TC","PSME",155,2,18,5.04342511691925
413,"COA","SC","PSME",183,2,33,5.20948615284142
414,"COA","SC","PSME",181,2,56,5.19849703126583
415,"COA","TC","PSME",193,2,47,5.26269018890489
416,"COA","SC","PSME",167,1,56,5.11799381241676
417,"COA","TC","PSME",111,2,34,4.70953020131233
418,"COA","SC","PSME",144,2,42,4.969813299576
419,"COA","TC","PSME",163,2,42,5.09375020080676
420,"COA","SC","PSME",123,2,26,4.81218435537242
421,"COA","SC","PSME",130,1,52,4.86753445045558
422,"COA","TC","PSME",155,2,37,5.04342511691925
423,"COA","TC","PSME",138,2,36,4.92725368515721
424,"COA","TC","PSME",170,2,66,5.13579843705026
425,"COA","SC","PSME",147,2,38,4.99043258677874
426,"COA","TC","PSME",88,2,38,4.47733681447821
427,"COA","TC","THPL",142,2,40,4.95582705760126
428,"COA","TC","PSME",135,2,55,4.90527477843843
429,"COA","SC","PSME",107,2,20,4.67282883446191
430,"COA","TC","PSME",115,2,48,4.74493212836325
431,"COA","TC","PSME",180,2,60,5.19295685089021
433,"COA","TC","PSME",148,2,32,4.99721227376411
434,"COA","SC","PSME",145,2,40,4.97673374242057
437,"COA","TC","PSME",115,2,27,4.74493212836325
441,"COA","TC","ACMA",104,2,39,4.64439089914137
442,"COA","TC","PSME",156,2,49,5.04985600724954
443,"COA","TC","PSME",110,2,26,4.70048036579242
444,"COA","PL","PSME",192,2,64,5.25749537202778
445,"COA","TC","PSME",154,2,52,5.03695260241363
446,"COA","TC","PSME",160,2,56,5.07517381523383
447,"COA","PL","PSME",140,1,70,4.9416424226093
448,"COA","TC","PSME",187,2,44,5.23110861685459
449,"COA","TC","PSME",107,2,49,4.67282883446191
450,"COA","TC","PSME",181,2,53,5.19849703126583
451,"COA","TC","PSME",109,2,37,4.69134788222914
452,"COA","TC","PSME",188,2,65,5.23644196282995
453,"COA","TC","PSME",213,2,52,5.36129216570943
454,"COA","TC","PSME",142,2,48,4.95582705760126
455,"COA","PL","PSME",131,1,42,4.87519732320115
456,"COA","SC","ACMA",85,1,29,4.44265125649032
459,"COA","TC","PSME",155,2,28,5.04342511691925
460,"COA","TC","PSME",168,2,35,5.12396397940326
461,"COA","TC","ACMA",102,2,26,4.62497281328427
464,"COA","TC","PSME",164,1,55,5.0998664278242
465,"COA","TC","PSME",147,2,55,4.99043258677874
467,"COA","TC","PSME",141,2,43,4.94875989037817
468,"COA","SC","PSME",163,1,50,5.09375020080676
469,"COA","TC","PSME",186,2,64,5.2257466737132
470,"COA","TC","PSME",122,2,32,4.80402104473326
471,"COA","TC","THPL",124,2,39,4.82028156560504
472,"COA","TC","PSME",147,2,37,4.99043258677874
473,"COA","TC","PSME",114,2,39,4.7361984483945
474,"COA","TC","PSME",182,2,44,5.2040066870768
475,"COA","PL","PSME",79,1,39,4.36944785246702
476,"COA","TC","PSME",160,2,46,5.07517381523383
478,"COA","TC","PSME",146,2,33,4.98360662170834
479,"COA","TC","PSME",133,2,47,4.89034912822175
483,"COA","TC","PSME",122,2,38,4.80402104473326
485,"COA","TC","PSME",127,2,29,4.84418708645859
486,"COA","PL","PSME",98,2,34,4.58496747867057
487,"COA","TC","PSME",110,2,42,4.70048036579242
488,"COA","TC","PSME",109,2,24,4.69134788222914
489,"COA","PL","PSME",109,1,45,4.69134788222914
490,"COA","SC","PSME",145,2,52,4.97673374242057
491,"COA","TC","PSME",127,2,38,4.84418708645859
492,"COA","PL","PSME",141,1,29,4.94875989037817
493,"COA","SC","PSME",187,2,56,5.23110861685459
494,"COA","TC","PSME",142,2,12,4.95582705760126
495,"COA","TC","PSME",175,2,44,5.16478597392351
496,"COA","PL","ABGR",93,1,37,4.53259949315326
498,"COA","TC","PSME",120,2,47,4.78749174278205
499,"COA","TC","PSME",164,2,42,5.0998664278242
500,"COA","PL","PSME",216,1,30,5.37527840768417
501,"COA","PL","PSME",140,1,50,4.9416424226093
502,"COA","TC","PSME",182,2,44,5.2040066870768
503,"COA","TC","PSME",106,2,45,4.66343909411207
504,"COA","TC","PSME",109,2,42,4.69134788222914
505,"COA","TC","PSME",124,2,26,4.82028156560504
506,"COA","TC","PSME",105,2,19,4.65396035015752
509,"COA","TC","PSME",141,2,41,4.94875989037817
510,"COA","TC","PSME",172,2,50,5.14749447681345
512,"COA","TC","THPL",168,2,47,5.12396397940326
513,"COA","TC","PSME",142,2,33,4.95582705760126
514,"COA","TC","PSME",155,2,47,5.04342511691925
515,"COA","TC","PSME",104,2,30,4.64439089914137
516,"COA","TC","PSME",150,2,34,5.01063529409626
517,"COA","TC","PSME",161,2,51,5.08140436498446
518,"COA","SC","PSME",202,2,58,5.30826769740121
519,"COA","TC","PSME",134,2,52,4.89783979995091
520,"COA","TC","PSME",143,2,56,4.96284463025991
521,"COA","TC","PSME",130,2,34,4.86753445045558
522,"COA","TC","PSME",142,2,43,4.95582705760126
523,"COA","TC","PSME",171,2,54,5.14166355650266
525,"COA","TC","PSME",161,2,37,5.08140436498446
526,"COA","TC","PSME",110,2,31,4.70048036579242
527,"COA","TC","PSME",144,2,44,4.969813299576
529,"COA","TC","PSME",109,2,35,4.69134788222914
530,"COA","TC","PSME",114,2,25,4.7361984483945
531,"COA","TC","PSME",154,2,47,5.03695260241363
532,"COA","TC","PSME",159,2,44,5.06890420222023
533,"COA","PL","PSME",183,2,45,5.20948615284142
534,"COA","TC","PSME",127,2,28,4.84418708645859
535,"COA","SC","THPL",107,2,41,4.67282883446191
536,"COA","TC","PSME",106,2,32,4.66343909411207
538,"COA","TC","PSME",180,2,30,5.19295685089021
539,"COA","SC","PSME",144,2,31,4.969813299576
540,"COA","TC","PSME",132,2,48,4.88280192258637
541,"COA","SC","PSME",136,2,45,4.91265488573605
542,"COA","TC","PSME",168,2,48,5.12396397940326
543,"COA","SC","THPL",130,2,44,4.86753445045558
544,"COA","TC","PSME",129,2,48,4.85981240436167
545,"COA","SC","PSME",135,2,35,4.90527477843843
546,"COA","TC","PSME",147,2,37,4.99043258677874
547,"COA","TC","PSME",137,2,32,4.91998092582813
548,"COA","PL","THPL",116,1,49,4.75359019110636
549,"COA","SC","PSME",189,2,56,5.24174701505964
551,"COA","TC","PSME",157,2,48,5.05624580534831
553,"COA","TC","PSME",175,2,46,5.16478597392351
554,"COA","TC","PSME",115,2,40,4.74493212836325
555,"COA","TC","PSME",154,2,47,5.03695260241363
556,"COA","SC","PSME",147,1,60,4.99043258677874
558,"COA","TC","PSME",144,2,44,4.969813299576
559,"COA","TC","THPL",244,2,45,5.4971682252932
560,"COA","SC","PSME",170,2,36,5.13579843705026
561,"COA","TC","PSME",123,2,48,4.81218435537242
562,"COA","TC","PSME",183,2,48,5.20948615284142
563,"COA","TC","PSME",147,2,36,4.99043258677874
564,"COA","TC","PSME",139,2,41,4.93447393313069
565,"COA","TC","PSME",122,2,29,4.80402104473326
567,"COA","TC","PSME",120,2,50,4.78749174278205
568,"COA","TC","PSME",103,2,38,4.63472898822964
569,"COA","PL","PSME",190,1,73,5.24702407216049
570,"COA","TC","PSME",150,2,49,5.01063529409626
571,"COA","TC","PSME",141,2,35,4.94875989037817
572,"COA","TC","PSME",175,2,35,5.16478597392351
573,"COA","TC","PSME",113,2,44,4.72738781871234
574,"COA","TC","PSME",152,2,61,5.02388052084628
575,"COA","TC","PSME",112,2,35,4.71849887129509
576,"COA","PL","PSME",138,1,37,4.92725368515721
577,"COA","TC","PSME",122,2,40,4.80402104473326
578,"COA","TC","PSME",178,2,55,5.18178355029209
579,"COA","TC","PSME",191,2,60,5.25227342804663
580,"COA","SC","PSME",130,2,40,4.86753445045558
581,"COA","TC","PSME",167,2,42,5.11799381241676
582,"COA","TC","PSME",140,2,23,4.9416424226093
583,"COA","TC","PSME",132,2,19,4.88280192258637
584,"COA","TC","PSME",130,2,29,4.86753445045558
585,"COA","TC","PSME",108,2,26,4.68213122712422
586,"COA","PL","PSME",127,1,47,4.84418708645859
587,"COA","SC","PSME",83,2,39,4.4188406077966
589,"COA","TC","PSME",135,2,46,4.90527477843843
590,"COA","TC","PSME",152,2,40,5.02388052084628
591,"COA","TC","PSME",95,2,28,4.55387689160054
592,"COA","TC","PSME",122,2,34,4.80402104473326
593,"COA","SC","PSME",164,2,70,5.0998664278242
594,"COA","TC","PSME",157,2,45,5.05624580534831
595,"COA","TC","PSME",147,2,58,4.99043258677874
596,"COA","TC","PSME",190,2,48,5.24702407216049
597,"COA","TC","PSME",137,2,49,4.91998092582813
598,"COA","TC","PSME",120,2,47,4.78749174278205
599,"COA","TC","PSME",159,2,49,5.06890420222023
600,"COA","SC","PSME",155,2,46,5.04342511691925
601,"COA","TC","PSME",123,2,39,4.81218435537242
602,"COA","PL","PSME",83,1,43,4.4188406077966
603,"COA","TC","PSME",177,2,49,5.17614973257383
605,"COA","TC","PSME",94,2,29,4.54329478227
606,"COA","TC","PSME",97,2,20,4.57471097850338
607,"COA","TC","PSME",89,2,33,4.48863636973214
608,"COA","TC","PSME",141,2,21,4.94875989037817
609,"COA","TC","PSME",137,2,35,4.91998092582813
610,"COA","TC","PSME",164,2,45,5.0998664278242
611,"COA","TC","PSME",137,2,39,4.91998092582813
612,"COA","PL","PSME",87,1,48,4.46590811865458
613,"COA","TC","PSME",115,2,26,4.74493212836325
614,"COA","TC","PSME",130,2,48,4.86753445045558
615,"COA","PL","PSME",166,1,48,5.11198778835654
616,"COA","TC","PSME",152,2,34,5.02388052084628
617,"COA","SC","PSME",198,2,54,5.28826703069454
618,"COA","TC","PSME",219,2,38,5.3890717298165
619,"COA","TC","PSME",79,2,22,4.36944785246702
620,"COA","TC","PSME",126,2,34,4.83628190695148
621,"COA","TC","PSME",180,2,45,5.19295685089021
622,"COA","TC","PSME",181,2,48,5.19849703126583
623,"COA","TC","PSME",153,2,44,5.03043792139244
624,"COA","TC","PSME",180,2,53,5.19295685089021
626,"COA","TC","PSME",155,2,57,5.04342511691925
627,"COA","TC","PSME",126,2,52,4.83628190695148
628,"COA","PL","PSME",80,2,36,4.38202663467388
629,"COA","TC","PSME",107,2,35,4.67282883446191
631,"COA","TC","PSME",117,2,42,4.76217393479776
632,"COA","TC","PSME",190,2,56,5.24702407216049
633,"COA","SC","PSME",124,1,43,4.82028156560504
634,"COA","TC","PSME",134,2,54,4.89783979995091
635,"COA","TC","PSME",113,2,37,4.72738781871234
636,"COA","TC","PSME",139,2,38,4.93447393313069
637,"COA","TC","PSME",136,2,32,4.91265488573605
638,"COA","TC","PSME",120,2,55,4.78749174278205
639,"COA","TC","PSME",101,2,37,4.61512051684126
640,"COA","TC","PSME",141,2,25,4.94875989037817
641,"COA","TC","PSME",145,2,30,4.97673374242057
642,"COA","TC","PSME",148,2,46,4.99721227376411
643,"COA","TC","PSME",107,2,35,4.67282883446191
644,"COA","TC","PSME",137,2,22,4.91998092582813
645,"COA","TC","PSME",173,2,40,5.15329159449778
646,"COA","TC","PSME",108,2,49,4.68213122712422
647,"COA","TC","PSME",185,2,59,5.22035582507832
648,"COA","SC","PSME",203,2,69,5.31320597904179
649,"COA","TC","PSME",158,2,54,5.06259503302697
650,"COA","TC","PSME",161,2,50,5.08140436498446
651,"COA","TC","PSME",156,2,46,5.04985600724954
652,"COA","TC","PSME",194,2,48,5.26785815906333
653,"COA","PL","PSME",175,1,66,5.16478597392351
654,"COA","SC","PSME",152,2,48,5.02388052084628
655,"COA","TC","PSME",142,2,28,4.95582705760126
656,"COA","TC","PSME",183,2,47,5.20948615284142
657,"COA","TC","PSME",145,2,33,4.97673374242057
659,"COA","TC","PSME",197,2,53,5.28320372873799
660,"COA","PL","PSME",111,1,47,4.70953020131233
661,"COA","TC","PSME",168,2,53,5.12396397940326
662,"COA","TC","PSME",114,2,31,4.7361984483945
663,"COA","TC","PSME",142,2,40,4.95582705760126
664,"COA","TC","PSME",149,2,50,5.00394630594546
665,"COA","SC","PSME",142,1,59,4.95582705760126
667,"COA","PL","PSME",85,1,44,4.44265125649032
668,"COA","TC","PSME",127,2,38,4.84418708645859
669,"COA","TC","PSME",143,2,44,4.96284463025991
671,"COA","TC","PSME",170,2,54,5.13579843705026
672,"COA","TC","PSME",165,2,36,5.10594547390058
673,"COA","TC","PSME",86,2,16,4.45434729625351
674,"COA","TC","PSME",119,2,27,4.77912349311153
675,"COA","TC","PSME",109,2,21,4.69134788222914
676,"COA","TC","PSME",97,2,46,4.57471097850338
677,"COA","TC","PSME",101,2,41,4.61512051684126
678,"COA","TC","PSME",120,2,49,4.78749174278205
679,"COA","TC","PSME",235,2,58,5.45958551414416
683,"COA","SC","THPL",222,2,50,5.40267738187228
686,"COA","SC","THPL",179,2,48,5.18738580584075
687,"COA","SC","THPL",213,2,49,5.36129216570943
689,"COA","SC","ACMA",124,1,30,4.82028156560504
693,"COA","PL","PSME",186,2,58,5.2257466737132
694,"COA","TC","PSME",115,2,42,4.74493212836325
695,"COA","TC","PSME",163,2,47,5.09375020080676
700,"COA","SC","THPL",233,2,49,5.4510384535657
701,"COA","TC","THPL",205,2,50,5.32300997913841
703,"COA","TC","THPL",126,2,25,4.83628190695148
704,"COA","TC","PSME",225,2,48,5.41610040220442
705,"COA","TC","PSME",113,2,47,4.72738781871234
707,"COA","TC","PSME",209,2,56,5.34233425196481
708,"COA","TC","PSME",225,2,64,5.41610040220442
709,"COA","TC","PSME",200,2,55,5.29831736654804
710,"COA","TC","PSME",212,2,48,5.35658627467201
711,"COA","TC","PSME",206,2,59,5.32787616878958
713,"COA","TC","PSME",143,2,53,4.96284463025991
714,"COA","TC","PSME",238,2,49,5.47227067367148
715,"COA","TC","PSME",235,2,58,5.45958551414416
716,"COA","PL","PSME",151,2,37,5.01727983681492
717,"COA","TC","PSME",173,2,47,5.15329159449778
718,"COA","PL","PISI",120,1,52,4.78749174278205
719,"COA","PL","PISI",139,1,64,4.93447393313069
720,"COA","SC","THPL",145,2,35,4.97673374242057
721,"COA","TC","PSME",194,2,58,5.26785815906333
722,"COA","TC","PSME",179,2,45,5.18738580584075
723,"COA","PL","PSME",90,1,52,4.49980967033027
724,"COA","TC","PSME",211,2,63,5.35185813347607
725,"COA","TC","PSME",161,2,65,5.08140436498446
726,"COA","TC","PSME",167,2,53,5.11799381241676
728,"COA","SC","TSHE",126,1,54,4.83628190695148
729,"COA","TC","PSME",214,2,61,5.36597601502185
731,"COA","TC","PSME",136,2,56,4.91265488573605
733,"COA","TC","PSME",170,2,61,5.13579843705026
734,"COA","SC","PSME",176,2,40,5.17048399503815
735,"COA","TC","PSME",124,2,46,4.82028156560504
738,"COA","TC","PSME",138,2,64,4.92725368515721
739,"COA","TC","PSME",171,2,64,5.14166355650266
740,"COA","TC","PSME",141,2,53,4.94875989037817
743,"COA","SC","THPL",127,2,45,4.84418708645859
744,"COA","TC","PSME",156,2,50,5.04985600724954
745,"COA","TC","PSME",164,2,54,5.0998664278242
746,"COA","TC","PSME",248,2,54,5.51342874616498
747,"COA","TC","PSME",161,2,42,5.08140436498446
749,"COA","SC","PSME",186,2,60,5.2257466737132
750,"COA","TC","PSME",140,2,56,4.9416424226093
752,"COA","TC","PSME",172,2,47,5.14749447681345
753,"COA","TC","PSME",179,2,76,5.18738580584075
754,"COA","TC","PSME",194,2,60,5.26785815906333
755,"COA","TC","PSME",206,2,27,5.32787616878958
756,"COA","SC","PSME",183,2,53,5.20948615284142
757,"COA","TC","PSME",172,2,45,5.14749447681345
758,"COA","PL","THPL",135,1,49,4.90527477843843
759,"COA","TC","TSHE",95,2,36,4.55387689160054
760,"COA","TC","PSME",130,2,57,4.86753445045558
761,"COA","TC","PSME",154,2,49,5.03695260241363
762,"COA","SC","PSME",161,1,55,5.08140436498446
763,"COA","TC","PSME",233,2,63,5.4510384535657
764,"COA","SC","THPL",199,2,37,5.29330482472449
765,"COA","TC","PSME",152,2,54,5.02388052084628
766,"COA","TC","PSME",146,2,53,4.98360662170834
767,"COA","SC","PSME",196,2,48,5.27811465923052
768,"COA","TC","PSME",135,2,44,4.90527477843843
771,"COA","TC","PSME",145,2,50,4.97673374242057
772,"COA","TC","PSME",212,2,63,5.35658627467201
773,"COA","SC","PSME",166,1,56,5.11198778835654
775,"COA","TC","PSME",172,2,58,5.14749447681345
776,"COA","SC","PSME",169,2,49,5.12989871492307
777,"COA","SC","PSME",201,2,46,5.30330490805908
778,"COA","SC","ACMA",110,2,32,4.70048036579242
779,"COA","TC","PSME",179,2,60,5.18738580584075
780,"COA","SC","THPL",138,2,43,4.92725368515721
781,"COA","TC","PSME",102,2,22,4.62497281328427
782,"COA","TC","PSME",169,2,45,5.12989871492307
783,"COA","SC","PSME",167,2,45,5.11799381241676
786,"COA","SC","PSME",154,2,38,5.03695260241363
787,"KLA","SC","PSME",152,1,18,5.02388052084628
788,"KLA","SC","PSME",142,1,18,4.95582705760126
790,"KLA","TC","PSME",107,1,22,4.67282883446191
792,"KLA","TC","QUKE",91,1,23,4.51085950651685
793,"KLA","PL","PSME",76,1,23,4.33073334028633
794,"KLA","PL","PSME",73,1,23,4.29045944114839
796,"KLA","PL","PSME",107,1,24,4.67282883446191
797,"KLA","TC","PSME",130,1,25,4.86753445045558
799,"KLA","TC","PSME",157,1,25,5.05624580534831
800,"KLA","TC","PSME",146,1,26,4.98360662170834
801,"KLA","TC","PSME",122,1,26,4.80402104473326
802,"KLA","SC","PSME",122,1,26,4.80402104473326
803,"KLA","TC","PSME",173,1,26,5.15329159449778
804,"KLA","PL","ARME",90,1,26,4.49980967033027
806,"KLA","TC","PSME",109,1,27,4.69134788222914
809,"KLA","TC","PSME",100,1,29,4.60517018598809
810,"KLA","SC","PSME",137,1,29,4.91998092582813
812,"KLA","TC","PSME",165,1,30,5.10594547390058
813,"KLA","PL","PSME",95,1,30,4.55387689160054
814,"KLA","TC","PSME",162,1,30,5.08759633523238
815,"KLA","PL","PSME",86,1,30,4.45434729625351
816,"KLA","SC","PSME",99,1,30,4.59511985013459
817,"KLA","SC","PSME",135,1,30,4.90527477843843
818,"KLA","TC","PSME",130,1,30,4.86753445045558
819,"KLA","TC","PSME",132,1,30,4.88280192258637
820,"KLA","SC","PSME",112,1,30,4.71849887129509
821,"KLA","SC","PSME",147,1,30,4.99043258677874
822,"KLA","PL","PSME",74,1,30,4.30406509320417
824,"KLA","PL","CADE",92,1,31,4.52178857704904
825,"KLA","PL","PSME",89,1,31,4.48863636973214
826,"KLA","SC","PSME",84,1,31,4.43081679884331
827,"KLA","TC","PSME",87,1,31,4.46590811865458
828,"KLA","PL","CADE",124,1,32,4.82028156560504
829,"KLA","TC","PSME",129,1,32,4.85981240436167
830,"KLA","SC","PSME",122,1,32,4.80402104473326
831,"KLA","PL","PSME",79,1,33,4.36944785246702
832,"KLA","PL","PSME",107,1,34,4.67282883446191
833,"KLA","TC","PSME",122,1,34,4.80402104473326
834,"KLA","TC","PSME",112,1,34,4.71849887129509
835,"KLA","TC","PSME",157,1,34,5.05624580534831
836,"KLA","TC","PSME",145,1,34,4.97673374242057
837,"KLA","PL","PSME",152,1,34,5.02388052084628
838,"KLA","SC","PSME",109,1,34,4.69134788222914
839,"KLA","PL","PSME",128,1,34,4.85203026391962
840,"KLA","PL","PSME",86,1,35,4.45434729625351
841,"KLA","TC","PSME",116,1,35,4.75359019110636
842,"KLA","PL","PSME",97,1,36,4.57471097850338
844,"KLA","PL","PSME",89,1,36,4.48863636973214
845,"KLA","PL","PSME",89,1,36,4.48863636973214
846,"KLA","PL","PSME",97,1,36,4.57471097850338
847,"KLA","PL","PSME",81,1,36,4.39444915467244
848,"KLA","PL","PSME",100,1,36,4.60517018598809
849,"KLA","PL","PSME",119,1,37,4.77912349311153
850,"KLA","TC","PILA",175,1,37,5.16478597392351
851,"KLA","PL","PSME",140,1,37,4.9416424226093
853,"KLA","TC","PSME",103,1,37,4.63472898822964
854,"KLA","PL","PSME",91,1,37,4.51085950651685
855,"KLA","TC","PSME",114,1,37,4.7361984483945
856,"KLA","PL","PSME",117,1,37,4.76217393479776
857,"KLA","PL","CADE",114,1,37,4.7361984483945
858,"KLA","TC","PSME",132,1,37,4.88280192258637
859,"KLA","PL","PSME",74,1,37,4.30406509320417
860,"KLA","PL","PSME",99,1,37,4.59511985013459
861,"KLA","TC","PSME",191,1,37,5.25227342804663
862,"KLA","TC","PSME",138,1,38,4.92725368515721
863,"KLA","TC","PSME",122,1,38,4.80402104473326
864,"KLA","TC","PSME",114,1,39,4.7361984483945
865,"KLA","PL","PSME",86,1,39,4.45434729625351
867,"KLA","PL","PSME",106,1,40,4.66343909411207
868,"KLA","PL","PSME",81,1,40,4.39444915467244
869,"KLA","PL","PSME",87,1,40,4.46590811865458
870,"KLA","PL","PSME",109,1,40,4.69134788222914
871,"KLA","PL","PSME",100,1,40,4.60517018598809
872,"KLA","TC","PSME",124,1,40,4.82028156560504
873,"KLA","TC","PSME",122,1,40,4.80402104473326
874,"KLA","PL","PSME",79,1,40,4.36944785246702
875,"KLA","TC","PSME",165,1,40,5.10594547390058
876,"KLA","TC","PSME",90,1,40,4.49980967033027
877,"KLA","TC","PSME",119,1,40,4.77912349311153
878,"KLA","SC","PSME",94,1,40,4.54329478227
879,"KLA","PL","PSME",103,1,40,4.63472898822964
880,"KLA","TC","PSME",154,1,41,5.03695260241363
881,"KLA","PL","PSME",117,1,41,4.76217393479776
882,"KLA","PL","PSME",127,1,41,4.84418708645859
883,"KLA","PL","PSME",140,1,41,4.9416424226093
884,"KLA","PL","PSME",107,1,42,4.67282883446191
885,"KLA","PL","PSME",104,1,42,4.64439089914137
886,"KLA","PL","PSME",94,1,42,4.54329478227
887,"KLA","PL","PSME",109,1,42,4.69134788222914
888,"KLA","TC","PSME",102,1,43,4.62497281328427
889,"KLA","TC","PSME",137,1,43,4.91998092582813
890,"KLA","PL","PSME",76,1,43,4.33073334028633
891,"KLA","SC","PSME",132,1,43,4.88280192258637
892,"KLA","PL","PSME",102,1,43,4.62497281328427
893,"KLA","TC","PSME",152,1,43,5.02388052084628
894,"KLA","PL","PSME",117,1,43,4.76217393479776
895,"KLA","TC","PSME",116,1,43,4.75359019110636
896,"KLA","PL","PSME",93,1,44,4.53259949315326
897,"KLA","TC","PSME",99,1,44,4.59511985013459
898,"KLA","PL","PSME",130,1,44,4.86753445045558
899,"KLA","PL","PSME",124,1,44,4.82028156560504
900,"KLA","PL","PSME",84,1,44,4.43081679884331
901,"KLA","PL","PSME",137,1,44,4.91998092582813
903,"KLA","TC","PSME",141,1,44,4.94875989037817
904,"KLA","PL","PSME",117,1,45,4.76217393479776
905,"KLA","PL","PSME",98,1,45,4.58496747867057
906,"KLA","TC","PSME",130,1,46,4.86753445045558
907,"KLA","PL","PSME",104,1,46,4.64439089914137
908,"KLA","PL","PSME",117,1,46,4.76217393479776
909,"KLA","PL","PIPO",103,1,46,4.63472898822964
910,"KLA","PL","PSME",114,1,46,4.7361984483945
911,"KLA","PL","PSME",135,1,46,4.90527477843843
912,"KLA","PL","PSME",122,1,46,4.80402104473326
913,"KLA","PL","PSME",152,1,46,5.02388052084628
914,"KLA","TC","PSME",132,1,46,4.88280192258637
915,"KLA","PL","PSME",155,1,46,5.04342511691925
916,"KLA","PL","PSME",147,1,46,4.99043258677874
917,"KLA","PL","PSME",127,1,46,4.84418708645859
918,"KLA","PL","PSME",132,1,46,4.88280192258637
919,"KLA","PL","PSME",109,1,46,4.69134788222914
920,"KLA","PL","PSME",104,1,47,4.64439089914137
921,"KLA","PL","PSME",104,1,47,4.64439089914137
923,"KLA","TC","PSME",109,1,47,4.69134788222914
924,"KLA","SC","PSME",145,1,48,4.97673374242057
925,"KLA","PL","PSME",100,1,49,4.60517018598809
926,"KLA","TC","PSME",137,1,49,4.91998092582813
927,"KLA","PL","PSME",114,1,49,4.7361984483945
928,"KLA","PL","PSME",155,1,49,5.04342511691925
929,"KLA","PL","PSME",150,1,49,5.01063529409626
930,"KLA","SC","PSME",127,1,49,4.84418708645859
931,"KLA","SC","PSME",117,1,49,4.76217393479776
932,"KLA","PL","PSME",117,1,50,4.76217393479776
933,"KLA","PL","PSME",124,1,50,4.82028156560504
934,"KLA","PL","PSME",93,1,50,4.53259949315326
935,"KLA","PL","CADE",173,1,51,5.15329159449778
936,"KLA","PL","PSME",157,1,51,5.05624580534831
937,"KLA","PL","PSME",165,1,52,5.10594547390058
938,"KLA","PL","PSME",114,1,52,4.7361984483945
939,"KLA","SC","PSME",141,1,52,4.94875989037817
940,"KLA","PL","PSME",137,1,52,4.91998092582813
941,"KLA","PL","PSME",122,1,53,4.80402104473326
942,"KLA","PL","PSME",124,1,53,4.82028156560504
943,"KLA","PL","PSME",142,1,53,4.95582705760126
944,"KLA","PL","PSME",132,1,54,4.88280192258637
945,"KLA","PL","PSME",170,1,55,5.13579843705026
946,"KLA","PL","PSME",137,1,55,4.91998092582813
947,"KLA","PL","PSME",127,1,55,4.84418708645859
948,"KLA","PL","PSME",132,1,55,4.88280192258637
949,"KLA","PL","PSME",122,1,55,4.80402104473326
950,"KLA","PL","PSME",169,1,56,5.12989871492307
951,"KLA","PL","PSME",97,1,56,4.57471097850338
953,"KLA","SC","PSME",145,1,60,4.97673374242057
954,"KLA","PL","PSME",127,1,61,4.84418708645859
955,"KLA","PL","PSME",144,1,61,4.969813299576
956,"KLA","PL","PSME",139,1,61,4.93447393313069
957,"KLA","PL","PSME",126,1,62,4.83628190695148
958,"KLA","PL","PSME",135,1,65,4.90527477843843
959,"KLA","PL","PSME",140,1,65,4.9416424226093
960,"KLA","TC","PSME",135,2,16,4.90527477843843
962,"KLA","TC","PSME",76,2,19,4.33073334028633
963,"KLA","TC","PSME",74,2,20,4.30406509320417
964,"KLA","SC","PSME",94,2,21,4.54329478227
965,"KLA","TC","PSME",180,2,21,5.19295685089021
966,"KLA","TC","PSME",105,2,22,4.65396035015752
968,"KLA","TC","PSME",114,2,23,4.7361984483945
969,"KLA","TC","PSME",84,2,24,4.43081679884331
970,"KLA","TC","PSME",113,2,24,4.72738781871234
971,"KLA","SC","PSME",98,2,24,4.58496747867057
972,"KLA","TC","PSME",122,2,25,4.80402104473326
973,"KLA","TC","PSME",124,2,25,4.82028156560504
974,"KLA","TC","PSME",160,2,25,5.07517381523383
975,"KLA","TC","PSME",120,2,26,4.78749174278205
976,"KLA","TC","PSME",112,2,26,4.71849887129509
977,"KLA","TC","PSME",94,2,27,4.54329478227
978,"KLA","TC","PSME",76,2,27,4.33073334028633
979,"KLA","TC","PSME",93,2,28,4.53259949315326
980,"KLA","TC","PSME",94,2,28,4.54329478227
981,"KLA","TC","PSME",91,2,29,4.51085950651685
982,"KLA","SC","PSME",127,2,29,4.84418708645859
983,"KLA","TC","PSME",100,2,29,4.60517018598809
984,"KLA","TC","PSME",147,2,29,4.99043258677874
985,"KLA","SC","PSME",147,2,29,4.99043258677874
986,"KLA","TC","PSME",112,2,29,4.71849887129509
987,"KLA","TC","PSME",117,2,30,4.76217393479776
989,"KLA","TC","PSME",109,2,30,4.69134788222914
990,"KLA","TC","PSME",127,2,30,4.84418708645859
991,"KLA","TC","PSME",100,2,30,4.60517018598809
992,"KLA","TC","PSME",135,2,30,4.90527477843843
993,"KLA","TC","PSME",89,2,31,4.48863636973214
994,"KLA","TC","PSME",97,2,31,4.57471097850338
995,"KLA","TC","PSME",119,2,31,4.77912349311153
996,"KLA","TC","PSME",93,2,31,4.53259949315326
997,"KLA","PL","PSME",110,2,31,4.70048036579242
998,"KLA","TC","PSME",107,2,31,4.67282883446191
999,"KLA","PL","PSME",142,2,31,4.95582705760126
1000,"KLA","TC","PSME",117,2,32,4.76217393479776
1002,"KLA","TC","PSME",170,2,32,5.13579843705026
1003,"KLA","TC","PSME",122,2,32,4.80402104473326
1004,"KLA","TC","PSME",130,2,32,4.86753445045558
1005,"KLA","TC","PSME",136,2,32,4.91265488573605
1006,"KLA","TC","PSME",130,2,32,4.86753445045558
1007,"KLA","PL","PSME",132,2,32,4.88280192258637
1008,"KLA","TC","PSME",121,2,32,4.79579054559674
1009,"KLA","TC","PSME",89,2,32,4.48863636973214
1010,"KLA","TC","PSME",102,2,32,4.62497281328427
1011,"KLA","TC","PSME",91,2,33,4.51085950651685
1012,"KLA","TC","PSME",100,2,33,4.60517018598809
1013,"KLA","TC","PSME",122,2,33,4.80402104473326
1014,"KLA","TC","PSME",79,2,33,4.36944785246702
1015,"KLA","TC","PSME",124,2,33,4.82028156560504
1016,"KLA","TC","PSME",142,2,34,4.95582705760126
1017,"KLA","TC","PSME",152,2,34,5.02388052084628
1018,"KLA","TC","PSME",76,2,34,4.33073334028633
1020,"KLA","TC","PSME",130,2,34,4.86753445045558
1021,"KLA","TC","PSME",104,2,34,4.64439089914137
1022,"KLA","TC","PSME",124,2,34,4.82028156560504
1023,"KLA","TC","PSME",137,2,34,4.91998092582813
1024,"KLA","TC","PSME",102,2,34,4.62497281328427
1025,"KLA","SC","PSME",104,2,34,4.64439089914137
1026,"KLA","TC","PSME",140,2,34,4.9416424226093
1027,"KLA","TC","PSME",117,2,35,4.76217393479776
1028,"KLA","TC","PSME",114,2,35,4.7361984483945
1029,"KLA","TC","PSME",139,2,35,4.93447393313069
1030,"KLA","TC","PSME",114,2,35,4.7361984483945
1031,"KLA","TC","PSME",117,2,35,4.76217393479776
1032,"KLA","TC","PSME",132,2,35,4.88280192258637
1033,"KLA","TC","PSME",102,2,35,4.62497281328427
1034,"KLA","TC","PSME",130,2,36,4.86753445045558
1035,"KLA","TC","PSME",119,2,36,4.77912349311153
1036,"KLA","TC","PSME",122,2,36,4.80402104473326
1037,"KLA","TC","PSME",124,2,36,4.82028156560504
1038,"KLA","PL","PSME",94,2,36,4.54329478227
1039,"KLA","TC","PSME",98,2,36,4.58496747867057
1040,"KLA","TC","PSME",117,2,36,4.76217393479776
1041,"KLA","TC","PSME",117,2,36,4.76217393479776
1042,"KLA","TC","PSME",109,2,37,4.69134788222914
1043,"KLA","TC","PSME",150,2,37,5.01063529409626
1044,"KLA","TC","PSME",179,2,37,5.18738580584075
1045,"KLA","TC","PSME",173,2,37,5.15329159449778
1046,"KLA","PL","PSME",179,2,37,5.18738580584075
1047,"KLA","TC","PSME",131,2,37,4.87519732320115
1048,"KLA","TC","PIJE",104,2,37,4.64439089914137
1049,"KLA","TC","PSME",100,2,38,4.60517018598809
1050,"KLA","TC","PSME",129,2,38,4.85981240436167
1051,"KLA","TC","PSME",158,2,38,5.06259503302697
1052,"KLA","TC","PSME",119,2,38,4.77912349311153
1053,"KLA","TC","PSME",84,2,38,4.43081679884331
1054,"KLA","TC","PSME",117,2,38,4.76217393479776
1055,"KLA","SC","PSME",174,2,38,5.15905529921453
1056,"KLA","TC","PSME",165,2,38,5.10594547390058
1057,"KLA","TC","PSME",124,2,39,4.82028156560504
1058,"KLA","TC","PSME",117,2,39,4.76217393479776
1059,"KLA","TC","PSME",160,2,39,5.07517381523383
1060,"KLA","TC","PSME",109,2,39,4.69134788222914
1061,"KLA","TC","PSME",136,2,39,4.91265488573605
1062,"KLA","TC","PSME",137,2,39,4.91998092582813
1063,"KLA","TC","PSME",145,2,39,4.97673374242057
1064,"KLA","TC","PSME",94,2,39,4.54329478227
1065,"KLA","TC","PSME",165,2,39,5.10594547390058
1066,"KLA","TC","PSME",112,2,40,4.71849887129509
1067,"KLA","SC","PSME",115,2,40,4.74493212836325
1068,"KLA","TC","PSME",144,2,40,4.969813299576
1069,"KLA","TC","PSME",109,2,40,4.69134788222914
1070,"KLA","TC","PSME",119,2,40,4.77912349311153
1071,"KLA","PL","PSME",123,2,40,4.81218435537242
1072,"KLA","TC","PSME",170,2,41,5.13579843705026
1073,"KLA","TC","PSME",132,2,41,4.88280192258637
1074,"KLA","TC","PSME",150,2,41,5.01063529409626
1075,"KLA","TC","PSME",119,2,41,4.77912349311153
1076,"KLA","TC","PSME",155,2,41,5.04342511691925
1077,"KLA","TC","PSME",170,2,41,5.13579843705026
1078,"KLA","TC","PSME",79,2,41,4.36944785246702
1079,"KLA","TC","PSME",114,2,41,4.7361984483945
1080,"KLA","TC","PSME",142,2,41,4.95582705760126
1081,"KLA","TC","PSME",145,2,41,4.97673374242057
1082,"KLA","TC","PSME",135,2,42,4.90527477843843
1083,"KLA","PL","PSME",133,2,42,4.89034912822175
1084,"KLA","TC","PSME",135,2,43,4.90527477843843
1085,"KLA","TC","PSME",113,2,43,4.72738781871234
1086,"KLA","TC","PSME",150,2,43,5.01063529409626
1087,"KLA","TC","PSME",169,2,43,5.12989871492307
1088,"KLA","TC","PSME",135,2,43,4.90527477843843
1090,"KLA","TC","PSME",124,2,44,4.82028156560504
1091,"KLA","TC","PSME",94,2,44,4.54329478227
1092,"KLA","TC","PSME",130,2,44,4.86753445045558
1093,"KLA","TC","PSME",118,2,44,4.77068462446567
1094,"KLA","TC","PSME",152,2,44,5.02388052084628
1095,"KLA","TC","PSME",160,2,45,5.07517381523383
1096,"KLA","TC","PSME",170,2,45,5.13579843705026
1097,"KLA","TC","PSME",117,2,45,4.76217393479776
1098,"KLA","TC","PSME",154,2,45,5.03695260241363
1099,"KLA","TC","PSME",147,2,45,4.99043258677874
1100,"KLA","TC","PSME",147,2,46,4.99043258677874
1101,"KLA","TC","PSME",146,2,47,4.98360662170834
1102,"KLA","TC","PSME",112,2,47,4.71849887129509
1103,"KLA","TC","PSME",153,2,48,5.03043792139244
1104,"KLA","TC","PSME",130,2,48,4.86753445045558
1105,"KLA","TC","PSME",141,2,49,4.94875989037817
1106,"KLA","TC","PSME",114,2,49,4.7361984483945
1108,"KLA","SC","PSME",104,2,49,4.64439089914137
1109,"KLA","TC","PSME",173,2,49,5.15329159449778
1110,"KLA","TC","PSME",132,2,49,4.88280192258637
1111,"KLA","TC","PSME",132,2,49,4.88280192258637
1112,"KLA","TC","PSME",116,2,50,4.75359019110636
1113,"KLA","TC","PSME",140,2,51,4.9416424226093
1114,"KLA","TC","PSME",144,2,51,4.969813299576
1115,"KLA","TC","PSME",132,2,52,4.88280192258637
1116,"KLA","TC","PSME",163,2,52,5.09375020080676
1117,"KLA","TC","PSME",152,2,52,5.02388052084628
1118,"KLA","SC","PSME",144,2,52,4.969813299576
1119,"KLA","TC","PSME",150,2,54,5.01063529409626
1120,"KLA","SC","PSME",131,2,55,4.87519732320115
1121,"KLA","PL","PSME",147,2,55,4.99043258677874
1122,"KLA","TC","PSME",151,2,58,5.01727983681492
1123,"KLA","TC","PSME",162,2,58,5.08759633523238
1124,"KLA","TC","PSME",178,2,60,5.18178355029209
1125,"KLA","PL","PSME",200,2,63,5.29831736654804
1126,"KLA","TC","PSME",177,2,71,5.17614973257383
1153,"TYE","TC","PSME",122,2,36,4.80402104473326
1154,"TYE","TC","PSME",107,2,35,4.67282883446191
1155,"TYE","TC","PSME",109,2,35,4.69134788222914
1156,"TYE","TC","PSME",112,2,35,4.71849887129509
1157,"TYE","TC","PSME",117,2,35,4.76217393479776
1158,"TYE","TC","PSME",117,2,35,4.76217393479776
1159,"TYE","TC","PSME",132,2,35,4.88280192258637
1160,"TYE","TC","PSME",137,2,35,4.91998092582813
1161,"TYE","TC","PSME",141,2,35,4.94875989037817
1162,"TYE","TC","PSME",159,2,35,5.06890420222023
1163,"TYE","TC","PSME",168,2,35,5.12396397940326
1164,"TYE","TC","PSME",175,2,35,5.16478597392351
1165,"TYE","TC","PSME",95,2,36,4.55387689160054
1166,"TYE","TC","PSME",155,2,37,5.04342511691925
1167,"TYE","TC","PSME",109,2,36,4.69134788222914
1168,"TYE","TC","PSME",152,2,34,5.02388052084628
1169,"TYE","TC","PSME",137,2,36,4.91998092582813
1170,"TYE","TC","PSME",138,2,36,4.92725368515721
1171,"TYE","TC","PSME",145,2,36,4.97673374242057
1172,"TYE","TC","PSME",145,2,36,4.97673374242057
1173,"TYE","TC","PSME",152,2,36,5.02388052084628
1175,"TYE","TC","PSME",165,2,36,5.10594547390058
1176,"TYE","TC","PSME",89,2,37,4.48863636973214
1177,"TYE","TC","PSME",91,2,37,4.51085950651685
1178,"TYE","TC","PSME",94,2,37,4.54329478227
1179,"TYE","TC","PSME",101,2,37,4.61512051684126
1180,"TYE","TC","PSME",113,2,37,4.72738781871234
1181,"TYE","TC","PSME",127,2,32,4.84418708645859
1182,"TYE","TC","TSHE",95,2,36,4.55387689160054
1183,"TYE","TC","PSME",162,2,33,5.08759633523238
1184,"TYE","TC","PSME",127,2,42,4.84418708645859
1185,"TYE","TC","PSME",148,2,32,4.99721227376411
1186,"TYE","TC","PSME",175,2,32,5.16478597392351
1188,"TYE","TC","PSME",89,2,33,4.48863636973214
1189,"TYE","TC","PSME",102,2,33,4.62497281328427
1190,"TYE","TC","PSME",109,2,33,4.69134788222914
1191,"TYE","TC","PSME",117,2,33,4.76217393479776
1192,"TYE","TC","PSME",118,2,33,4.77068462446567
1193,"TYE","TC","PSME",132,2,33,4.88280192258637
1194,"TYE","TC","PSME",143,2,33,4.96284463025991
1195,"TYE","TC","PSME",145,2,33,4.97673374242057
1196,"TYE","TC","PSME",145,2,33,4.97673374242057
1197,"TYE","TC","PSME",107,2,35,4.67282883446191
1198,"TYE","TC","PSME",142,2,34,4.95582705760126
1199,"TYE","TC","PSME",161,2,37,5.08140436498446
1200,"TYE","TC","PSME",152,2,34,5.02388052084628
1201,"TYE","TC","PSME",150,2,34,5.01063529409626
1202,"TYE","TC","PSME",143,2,34,4.96284463025991
1203,"TYE","TC","PSME",142,2,34,4.95582705760126
1204,"TYE","TC","PSME",147,2,33,4.99043258677874
1205,"TYE","TC","PSME",142,2,34,4.95582705760126
1206,"TYE","TC","PSME",155,2,33,5.04342511691925
1207,"TYE","TC","PSME",130,2,34,4.86753445045558
1208,"TYE","TC","PSME",126,2,34,4.83628190695148
1209,"TYE","TC","PSME",122,2,34,4.80402104473326
1210,"TYE","TC","PSME",106,2,34,4.66343909411207
1211,"TYE","TC","PSME",180,2,33,5.19295685089021
1212,"TYE","TC","PSME",157,2,34,5.05624580534831
1213,"TYE","TC","PSME",142,2,34,4.95582705760126
1214,"TYE","TC","PSME",127,2,41,4.84418708645859
1216,"TYE","TC","PSME",122,2,40,4.80402104473326
1217,"TYE","TC","PSME",142,2,40,4.95582705760126
1218,"TYE","TC","PSME",146,2,40,4.98360662170834
1219,"TYE","TC","PSME",152,2,40,5.02388052084628
1220,"TYE","TC","PSME",152,2,40,5.02388052084628
1221,"TYE","TC","PSME",153,2,40,5.03043792139244
1222,"TYE","TC","PSME",163,2,40,5.09375020080676
1223,"TYE","TC","PSME",173,2,40,5.15329159449778
1224,"TYE","TC","PSME",188,2,40,5.23644196282995
1225,"TYE","TC","PSME",76,2,41,4.33073334028633
1226,"TYE","TC","PSME",109,2,41,4.69134788222914
1227,"TYE","TC","PSME",117,2,37,4.76217393479776
1228,"TYE","TC","PSME",122,2,41,4.80402104473326
1229,"TYE","TC","PSME",216,2,39,5.37527840768417
1230,"TYE","TC","PSME",132,2,41,4.88280192258637
1231,"TYE","TC","PSME",133,2,41,4.89034912822175
1232,"TYE","TC","PSME",141,2,41,4.94875989037817
1233,"TYE","TC","PSME",150,2,41,5.01063529409626
1234,"TYE","TC","PSME",152,2,41,5.02388052084628
1235,"TYE","TC","PSME",175,2,41,5.16478597392351
1236,"TYE","TC","PSME",180,2,41,5.19295685089021
1237,"TYE","TC","PSME",99,2,42,4.59511985013459
1238,"TYE","TC","PSME",109,2,42,4.69134788222914
1239,"TYE","TC","PSME",110,2,42,4.70048036579242
1240,"TYE","TC","PSME",116,2,42,4.75359019110636
1241,"TYE","TC","PSME",117,2,42,4.76217393479776
1242,"TYE","TC","PSME",121,2,42,4.79579054559674
1243,"TYE","TC","PSME",114,2,41,4.7361984483945
1244,"TYE","TC","PSME",144,2,38,4.969813299576
1245,"TYE","TC","PSME",172,2,37,5.14749447681345
1246,"TYE","TC","PSME",180,2,37,5.19295685089021
1247,"TYE","TC","PSME",183,2,37,5.20948615284142
1248,"TYE","TC","PSME",88,2,38,4.47733681447821
1249,"TYE","TC","PSME",102,2,38,4.62497281328427
1250,"TYE","TC","PSME",103,2,38,4.63472898822964
1251,"TYE","TC","PSME",122,2,38,4.80402104473326
1252,"TYE","TC","PSME",127,2,38,4.84418708645859
1253,"TYE","TC","PSME",127,2,38,4.84418708645859
1254,"TYE","TC","PSME",130,2,38,4.86753445045558
1255,"TYE","TC","PSME",135,2,38,4.90527477843843
1256,"TYE","TC","PSME",139,2,38,4.93447393313069
1257,"TYE","TC","PSME",141,2,38,4.94875989037817
1258,"TYE","TC","PSME",113,2,40,4.72738781871234
1259,"TYE","TC","PSME",123,2,39,4.81218435537242
1260,"TYE","TC","PSME",122,2,32,4.80402104473326
1261,"TYE","TC","PSME",203,2,39,5.31320597904179
1262,"TYE","TC","PSME",160,2,39,5.07517381523383
1263,"TYE","TC","PSME",142,2,39,4.95582705760126
1264,"TYE","TC","PSME",141,2,39,4.94875989037817
1265,"TYE","TC","PSME",141,2,38,4.94875989037817
1266,"TYE","TC","THPL",124,2,39,4.82028156560504
1267,"TYE","TC","PSME",141,2,38,4.94875989037817
1268,"TYE","TC","PSME",114,2,39,4.7361984483945
1269,"TYE","TC","PSME",104,2,39,4.64439089914137
1270,"TYE","TC","PSME",219,2,38,5.3890717298165
1271,"TYE","TC","PSME",165,2,38,5.10594547390058
1272,"TYE","TC","PSME",149,1,38,5.00394630594546
1273,"TYE","TC","PSME",96,2,40,4.56434819146784
1274,"TYE","TC","PSME",137,2,39,4.91998092582813
1275,"TYE","TC","PSME",141,2,21,4.94875989037817
1281,"TYE","TC","PSME",155,2,18,5.04342511691925
1282,"TYE","TC","PSME",79,2,19,4.36944785246702
1283,"TYE","TC","PSME",105,2,19,4.65396035015752
1284,"TYE","TC","PSME",132,2,19,4.88280192258637
1285,"TYE","TC","PSME",85,2,20,4.44265125649032
1287,"TYE","TC","PSME",97,2,20,4.57471097850338
1289,"TYE","TC","PSME",109,2,21,4.69134788222914
1290,"TYE","TC","PSME",107,2,17,4.67282883446191
1291,"TYE","TC","PSME",82,2,22,4.40671924726425
1292,"TYE","TC","PSME",97,2,22,4.57471097850338
1293,"TYE","TC","PSME",102,2,22,4.62497281328427
1294,"TYE","TC","PSME",106,2,22,4.66343909411207
1295,"TYE","TC","THPL",114,2,22,4.7361984483945
1296,"TYE","TC","PSME",125,2,22,4.8283137373023
1297,"TYE","TC","PSME",137,2,22,4.91998092582813
1298,"TYE","TC","THPL",89,2,23,4.48863636973214
1299,"TYE","TC","PSME",91,2,23,4.51085950651685
1300,"TYE","TC","PSME",94,2,23,4.54329478227
1301,"TYE","TC","PSME",99,2,23,4.59511985013459
1303,"TYE","TC","PSME",136,2,32,4.91265488573605
1304,"TYE","TC","PSME",99,2,20,4.59511985013459
1309,"TYE","TC","PSME",98,2,11,4.58496747867057
1321,"TYE","TC","PSME",91,2,24,4.51085950651685
1327,"TYE","TC","PSME",86,2,16,4.45434729625351
1337,"TYE","TC","PSME",146,2,28,4.98360662170834
1338,"TYE","TC","PSME",94,2,29,4.54329478227
1339,"TYE","TC","PSME",94,2,29,4.54329478227
1340,"TYE","TC","PSME",114,2,29,4.7361984483945
1341,"TYE","TC","PSME",122,2,29,4.80402104473326
1342,"TYE","TC","PSME",127,2,29,4.84418708645859
1343,"TYE","TC","PSME",130,2,29,4.86753445045558
1344,"TYE","TC","PSME",159,2,29,5.06890420222023
1345,"TYE","TC","PSME",196,2,29,5.27811465923052
1346,"TYE","TC","PSME",104,2,30,4.64439089914137
1347,"TYE","TC","THPL",111,2,30,4.70953020131233
1348,"TYE","TC","PSME",121,2,30,4.79579054559674
1349,"TYE","TC","PSME",140,2,23,4.9416424226093
1350,"TYE","TC","PSME",130,2,30,4.86753445045558
1351,"TYE","TC","PSME",107,2,28,4.67282883446191
1352,"TYE","TC","PSME",145,2,30,4.97673374242057
1353,"TYE","TC","PSME",180,2,30,5.19295685089021
1354,"TYE","TC","PSME",197,2,30,5.28320372873799
1355,"TYE","TC","PSME",83,2,31,4.4188406077966
1356,"TYE","TC","PSME",110,2,31,4.70048036579242
1357,"TYE","TC","PSME",114,2,31,4.7361984483945
1358,"TYE","TC","PSME",120,2,31,4.78749174278205
1359,"TYE","TC","PSME",122,2,31,4.80402104473326
1360,"TYE","TC","PSME",124,2,31,4.82028156560504
1361,"TYE","TC","PSME",132,2,31,4.88280192258637
1362,"TYE","TC","PSME",193,2,31,5.26269018890489
1363,"TYE","TC","PSME",90,2,32,4.49980967033027
1364,"TYE","TC","PSME",106,2,32,4.66343909411207
1365,"TYE","TC","PSME",127,2,30,4.84418708645859
1366,"TYE","TC","PSME",109,2,26,4.69134788222914
1368,"TYE","TC","PSME",94,2,24,4.54329478227
1369,"TYE","TC","PSME",104,2,24,4.64439089914137
1370,"TYE","TC","PSME",109,2,24,4.69134788222914
1373,"TYE","TC","PSME",84,2,25,4.43081679884331
1374,"TYE","TC","PSME",99,2,25,4.59511985013459
1375,"TYE","TC","PSME",114,2,25,4.7361984483945
1376,"TYE","TC","PSME",134,2,25,4.89783979995091
1377,"TYE","TC","PSME",141,2,25,4.94875989037817
1378,"TYE","TC","PSME",148,2,25,4.99721227376411
1379,"TYE","TC","PSME",150,2,25,5.01063529409626
1380,"TYE","TC","PSME",142,2,28,4.95582705760126
1381,"TYE","TC","PSME",100,2,27,4.60517018598809
1382,"TYE","TC","PSME",127,2,40,4.84418708645859
1383,"TYE","TC","PSME",95,2,28,4.55387689160054
1384,"TYE","TC","PSME",138,2,27,4.92725368515721
1385,"TYE","TC","PSME",119,2,27,4.77912349311153
1386,"TYE","TC","PSME",115,2,27,4.74493212836325
1388,"TYE","TC","PSME",108,2,27,4.68213122712422
1389,"TYE","TC","PSME",108,2,26,4.68213122712422
1390,"TYE","TC","PSME",81,2,27,4.39444915467244
1392,"TYE","TC","PSME",124,2,26,4.82028156560504
1393,"TYE","TC","PSME",115,2,26,4.74493212836325
1394,"TYE","TC","PSME",110,2,26,4.70048036579242
1395,"TYE","TC","PSME",127,2,28,4.84418708645859
1396,"TYE","TC","PSME",114,2,27,4.7361984483945
1397,"TYE","TC","PSME",84,2,51,4.43081679884331
1398,"TYE","TC","PSME",177,2,49,5.17614973257383
1399,"TYE","TC","PSME",180,2,49,5.19295685089021
1400,"TYE","TC","PSME",182,2,49,5.2040066870768
1401,"TYE","TC","PSME",125,1,50,4.8283137373023
1402,"TYE","TC","PSME",135,2,50,4.90527477843843
1403,"TYE","TC","PSME",140,2,50,4.9416424226093
1404,"TYE","TC","PSME",146,2,50,4.98360662170834
1405,"TYE","TC","PSME",150,2,50,5.01063529409626
1406,"TYE","TC","PSME",157,2,50,5.05624580534831
1407,"TYE","TC","PSME",161,2,50,5.08140436498446
1408,"TYE","TC","PSME",170,2,50,5.13579843705026
1409,"TYE","TC","PSME",183,2,47,5.20948615284142
1410,"TYE","TC","PSME",172,2,50,5.14749447681345
1411,"TYE","TC","PSME",156,2,49,5.04985600724954
1412,"TYE","TC","PSME",107,1,51,4.67282883446191
1413,"TYE","TC","PSME",150,2,51,5.01063529409626
1414,"TYE","TC","PSME",153,2,51,5.03043792139244
1415,"TYE","TC","PSME",161,2,51,5.08140436498446
1416,"TYE","TC","PSME",161,2,51,5.08140436498446
1417,"TYE","TC","PSME",170,2,51,5.13579843705026
1418,"TYE","TC","PSME",180,2,51,5.19295685089021
1419,"TYE","TC","PSME",132,2,52,4.88280192258637
1420,"TYE","TC","PSME",152,2,52,5.02388052084628
1421,"TYE","TC","PSME",171,2,52,5.14166355650266
1422,"TYE","TC","PSME",200,2,52,5.29831736654804
1423,"TYE","TC","PSME",213,2,52,5.36129216570943
1424,"TYE","TC","PSME",171,2,50,5.14166355650266
1425,"TYE","TC","PSME",185,2,48,5.22035582507832
1426,"TYE","TC","PSME",189,2,47,5.24174701505964
1427,"TYE","TC","PSME",193,2,47,5.26269018890489
1428,"TYE","TC","PSME",129,2,48,4.85981240436167
1429,"TYE","TC","PSME",130,2,48,4.86753445045558
1430,"TYE","TC","PSME",132,2,48,4.88280192258637
1431,"TYE","TC","PSME",142,2,48,4.95582705760126
1432,"TYE","TC","PSME",144,2,48,4.969813299576
1433,"TYE","TC","PSME",149,2,48,5.00394630594546
1434,"TYE","TC","PSME",152,2,48,5.02388052084628
1435,"TYE","TC","PSME",159,2,48,5.06890420222023
1436,"TYE","TC","PSME",168,2,48,5.12396397940326
1437,"TYE","TC","PSME",170,2,48,5.13579843705026
1438,"TYE","TC","PSME",159,2,49,5.06890420222023
1439,"TYE","TC","PSME",181,2,48,5.19849703126583
1440,"TYE","TC","PSME",122,2,40,4.80402104473326
1441,"TYE","TC","PSME",190,2,48,5.24702407216049
1442,"TYE","TC","PSME",190,2,48,5.24702407216049
1443,"TYE","TC","PSME",89,2,49,4.48863636973214
1444,"TYE","TC","PSME",104,2,49,4.64439089914137
1445,"TYE","TC","PSME",108,2,49,4.68213122712422
1446,"TYE","TC","PSME",135,2,49,4.90527477843843
1447,"TYE","TC","PSME",137,2,49,4.91998092582813
1448,"TYE","TC","PSME",142,2,49,4.95582705760126
1449,"TYE","TC","PSME",150,2,49,5.01063529409626
1450,"TYE","TC","PSME",152,2,49,5.02388052084628
1451,"TYE","TC","PSME",133,2,42,4.89034912822175
1452,"TYE","TC","PSME",142,2,53,4.95582705760126
1453,"TYE","TC","PSME",178,2,48,5.18178355029209
1454,"TYE","TC","PSME",196,2,61,5.27811465923052
1455,"TYE","TC","PSME",122,2,53,4.80402104473326
1456,"TYE","TC","PSME",165,2,57,5.10594547390058
1457,"TYE","TC","PSME",190,2,57,5.24702407216049
1458,"TYE","TC","PSME",229,2,57,5.43372200355424
1459,"TYE","TC","PSME",147,2,58,4.99043258677874
1460,"TYE","TC","PSME",172,2,58,5.14749447681345
1461,"TYE","TC","PSME",185,2,59,5.22035582507832
1462,"TYE","TC","PSME",202,2,59,5.30826769740121
1463,"TYE","TC","PSME",127,2,60,4.84418708645859
1464,"TYE","TC","PSME",183,2,60,5.20948615284142
1465,"TYE","TC","PSME",191,2,60,5.25227342804663
1466,"TYE","TC","PSME",152,2,61,5.02388052084628
1467,"TYE","TC","PSME",130,2,57,4.86753445045558
1468,"TYE","TC","PSME",175,2,61,5.16478597392351
1469,"TYE","TC","PSME",190,2,56,5.24702407216049
1470,"TYE","TC","PSME",203,2,61,5.31320597904179
1471,"TYE","TC","PSME",140,2,62,4.9416424226093
1472,"TYE","TC","PSME",224,2,62,5.41164605185504
1473,"TYE","TC","PSME",122,2,63,4.80402104473326
1474,"TYE","TC","PSME",243,2,64,5.49306144334055
1475,"TYE","TC","PSME",147,2,65,4.99043258677874
1476,"TYE","TC","PSME",188,2,65,5.23644196282995
1477,"TYE","TC","PSME",170,2,66,5.13579843705026
1478,"TYE","TC","PSME",209,2,66,5.34233425196481
1479,"TYE","TC","PSME",160,2,67,5.07517381523383
1480,"TYE","TC","PSME",246,2,67,5.50533153593236
1481,"TYE","TC","PSME",177,2,69,5.17614973257383
1482,"TYE","TC","PSME",160,2,61,5.07517381523383
1483,"TYE","TC","PSME",168,2,54,5.12396397940326
1484,"TYE","TC","PSME",152,2,49,5.02388052084628
1485,"TYE","TC","PSME",147,2,53,4.99043258677874
1486,"TYE","TC","PSME",149,2,53,5.00394630594546
1487,"TYE","TC","PSME",161,2,53,5.08140436498446
1488,"TYE","TC","PSME",168,2,53,5.12396397940326
1489,"TYE","TC","PSME",173,2,53,5.15329159449778
1490,"TYE","TC","PSME",180,2,53,5.19295685089021
1491,"TYE","TC","PSME",197,2,53,5.28320372873799
1492,"TYE","TC","PSME",199,2,53,5.29330482472449
1493,"TYE","TC","PSME",91,2,54,4.51085950651685
1494,"TYE","TC","PSME",130,2,54,4.86753445045558
1495,"TYE","TC","PSME",134,2,54,4.89783979995091
1496,"TYE","TC","PSME",155,2,57,5.04342511691925
1497,"TYE","TC","PSME",158,2,54,5.06259503302697
1498,"TYE","TC","PSME",138,2,53,4.92725368515721
1499,"TYE","TC","PSME",170,2,54,5.13579843705026
1500,"TYE","TC","PSME",135,2,55,4.90527477843843
1501,"TYE","TC","PSME",146,2,55,4.98360662170834
1502,"TYE","TC","PSME",147,2,55,4.99043258677874
1503,"TYE","TC","PSME",163,2,55,5.09375020080676
1504,"TYE","TC","PSME",164,2,55,5.0998664278242
1505,"TYE","TC","PSME",178,2,55,5.18178355029209
1506,"TYE","TC","PSME",193,2,55,5.26269018890489
1507,"TYE","TC","PSME",196,2,55,5.27811465923052
1508,"TYE","TC","PSME",114,2,56,4.7361984483945
1509,"TYE","TC","PSME",143,2,56,4.96284463025991
1510,"TYE","TC","PSME",171,2,56,5.14166355650266
1511,"TYE","TC","PSME",152,2,54,5.02388052084628
1512,"TYE","TC","PSME",159,2,43,5.06890420222023
1513,"TYE","TC","PSME",155,2,46,5.04342511691925
1514,"TYE","TC","PSME",160,2,46,5.07517381523383
1515,"TYE","TC","PSME",175,2,46,5.16478597392351
1516,"TYE","TC","PSME",185,2,46,5.22035582507832
1517,"TYE","TC","PSME",88,2,44,4.47733681447821
1518,"TYE","TC","PSME",120,2,47,4.78749174278205
1519,"TYE","TC","PSME",160,2,43,5.07517381523383
1520,"TYE","TC","PSME",141,2,45,4.94875989037817
1521,"TYE","TC","THPL",157,2,43,5.05624580534831
1522,"TYE","TC","PSME",135,2,44,4.90527477843843
1523,"TYE","TC","PSME",142,2,43,4.95582705760126
1524,"TYE","TC","PSME",148,2,46,4.99721227376411
1525,"TYE","TC","PSME",137,2,45,4.91998092582813
1526,"TYE","TC","PSME",142,2,43,4.95582705760126
1527,"TYE","TC","PSME",153,2,44,5.03043792139244
1528,"TYE","TC","PSME",135,2,46,4.90527477843843
1529,"TYE","TC","PSME",135,2,44,4.90527477843843
1530,"TYE","TC","THPL",244,2,45,5.4971682252932
1531,"TYE","TC","PSME",106,2,46,4.66343909411207
1532,"TYE","TC","PSME",127,2,44,4.84418708645859
1533,"TYE","TC","PSME",117,2,46,4.76217393479776
1534,"TYE","TC","PSME",137,2,44,4.91998092582813
1535,"TYE","TC","PSME",152,2,46,5.02388052084628
1536,"TYE","TC","PSME",180,2,45,5.19295685089021
1537,"TYE","TC","PSME",140,2,45,4.9416424226093
1538,"TYE","TC","PSME",164,2,45,5.0998664278242
1539,"TYE","TC","PSME",137,2,44,4.91998092582813
1540,"TYE","TC","PSME",144,2,44,4.969813299576
1541,"TYE","TC","PSME",113,2,44,4.72738781871234
1542,"TYE","TC","PSME",147,2,44,4.99043258677874
1543,"TYE","TC","PSME",118,2,47,4.77068462446567
1544,"TYE","TC","PSME",134,2,46,4.89783979995091
1545,"TYE","TC","PSME",135,2,42,4.90527477843843
1546,"TYE","TC","PSME",109,2,45,4.69134788222914
1547,"TYE","TC","PSME",120,2,47,4.78749174278205
1548,"TYE","TC","PSME",154,2,47,5.03695260241363
1549,"TYE","TC","PSME",114,2,47,4.7361984483945
1550,"TYE","TC","PSME",163,2,42,5.09375020080676
1551,"TYE","TC","PSME",157,2,42,5.05624580534831
1552,"TYE","TC","PSME",154,2,47,5.03695260241363
1553,"TYE","TC","PSME",188,2,44,5.23644196282995
1554,"TYE","TC","PSME",173,2,47,5.15329159449778
1555,"TYE","TC","PSME",106,2,45,4.66343909411207
1557,"TYE","TC","PSME",160,2,47,5.07517381523383
1558,"TYE","TC","PSME",160,2,47,5.07517381523383
1559,"TYE","TC","PSME",170,2,47,5.13579843705026
1560,"TYE","TC","PSME",170,2,47,5.13579843705026
1561,"TYE","TC","PSME",141,2,42,4.94875989037817
1562,"TYE","TC","PSME",164,2,42,5.0998664278242
1563,"TYE","TC","PSME",159,2,44,5.06890420222023
1564,"TYE","TC","PSME",160,2,44,5.07517381523383
1565,"TYE","TC","PSME",167,2,42,5.11799381241676
1566,"TYE","TC","PSME",132,2,47,4.88280192258637
1567,"TYE","TC","PSME",182,2,44,5.2040066870768
1568,"TYE","TC","PSME",133,2,47,4.89034912822175
1569,"TYE","TC","PSME",153,2,47,5.03043792139244
1570,"TYE","TC","PSME",150,2,47,5.01063529409626
1571,"TYE","TC","PSME",187,2,44,5.23110861685459
1572,"TYE","TC","THPL",150,2,47,5.01063529409626
1573,"TYE","TC","PSME",164,2,42,5.0998664278242
1574,"TYE","SC","PSME",198,2,54,5.28826703069454
1577,"TYE","SC","PSME",201,2,53,5.30330490805908
1579,"TYE","SC","PSME",130,2,40,4.86753445045558
1580,"TYE","SC","PSME",103,2,40,4.63472898822964
1584,"TYE","SC","PSME",154,1,55,5.03695260241363
1585,"TYE","SC","PSME",107,1,54,4.67282883446191
1586,"TYE","SC","PSME",79,2,25,4.36944785246702
1589,"TYE","SC","PSME",139,2,61,4.93447393313069
1591,"TYE","SC","THPL",138,2,43,4.92725368515721
1592,"TYE","SC","PSME",124,1,43,4.82028156560504
1593,"TYE","SC","PSME",156,1,62,5.04985600724954
1595,"TYE","SC","PSME",188,2,63,5.23644196282995
1596,"TYE","SC","PSME",188,2,40,5.23644196282995
1597,"TYE","SC","PSME",239,2,63,5.47646355193151
1598,"TYE","SC","PSME",144,2,42,4.969813299576
1599,"TYE","SC","PSME",124,2,42,4.82028156560504
1600,"TYE","SC","PSME",127,2,42,4.84418708645859
1601,"TYE","SC","PSME",137,2,70,4.91998092582813
1603,"TYE","SC","PSME",193,1,62,5.26269018890489
1604,"TYE","SC","THPL",168,1,40,5.12396397940326
1605,"TYE","SC","THPL",130,2,44,4.86753445045558
1606,"TYE","SC","PSME",152,2,40,5.02388052084628
1608,"TYE","SC","CADE",197,2,56,5.28320372873799
1609,"TYE","SC","ARME",82,1,21,4.40671924726425
1611,"TYE","SC","PSME",238,2,43,5.47227067367148
1612,"TYE","SC","PSME",121,2,44,4.79579054559674
1613,"TYE","SC","PSME",145,2,40,4.97673374242057
1614,"TYE","SC","PSME",160,1,57,5.07517381523383
1615,"TYE","SC","PSME",252,1,44,5.52942908751142
1616,"TYE","SC","PSME",112,2,44,4.71849887129509
1617,"TYE","SC","PSME",108,1,39,4.68213122712422
1620,"TYE","SC","PSME",107,2,20,4.67282883446191
1621,"TYE","SC","PSME",142,2,46,4.95582705760126
1623,"TYE","SC","PSME",156,2,47,5.04985600724954
1625,"TYE","SC","PSME",188,2,34,5.23644196282995
1626,"TYE","SC","PSME",166,2,36,5.11198778835654
1627,"TYE","SC","THPL",101,1,30,4.61512051684126
1628,"TYE","SC","TSHE",98,2,51,4.58496747867057
1629,"TYE","SC","PSME",182,2,50,5.2040066870768
1630,"TYE","SC","PSME",143,2,30,4.96284463025991
1631,"TYE","SC","PSME",163,2,30,5.09375020080676
1632,"TYE","SC","PSME",107,2,38,4.67282883446191
1634,"TYE","SC","PSME",183,2,29,5.20948615284142
1635,"TYE","SC","PSME",140,2,46,4.9416424226093
1636,"TYE","SC","PSME",140,2,48,4.9416424226093
1637,"TYE","SC","PSME",155,2,47,5.04342511691925
1638,"TYE","SC","PSME",123,2,36,4.81218435537242
1639,"TYE","SC","PSME",152,2,48,5.02388052084628
1640,"TYE","SC","THPL",158,2,37,5.06259503302697
1642,"TYE","SC","PSME",131,2,34,4.87519732320115
1643,"TYE","SC","PSME",118,2,37,4.77068462446567
1644,"TYE","SC","PSME",151,2,49,5.01727983681492
1645,"TYE","SC","PSME",142,2,49,4.95582705760126
1646,"TYE","SC","PSME",123,2,33,4.81218435537242
1647,"TYE","SC","PSME",121,2,49,4.79579054559674
1649,"TYE","SC","PSME",170,2,34,5.13579843705026
1651,"TYE","SC","PSME",130,1,39,4.86753445045558
1652,"TYE","SC","CADE",157,1,49,5.05624580534831
1653,"TYE","SC","PSME",123,2,26,4.81218435537242
1654,"TYE","SC","PSME",74,2,27,4.30406509320417
1655,"TYE","SC","TSHE",83,2,39,4.4188406077966
1656,"TYE","SC","PSME",194,2,47,5.26785815906333
1657,"TYE","SC","PSME",145,2,53,4.97673374242057
1658,"TYE","SC","PSME",136,2,45,4.91265488573605
1659,"TYE","SC","THPL",94,1,53,4.54329478227
1660,"TYE","SC","PSME",77,1,28,4.34380542185368
1661,"TYE","SC","PSME",154,2,38,5.03695260241363
1662,"TYE","SC","PSME",130,1,52,4.86753445045558
1663,"TYE","SC","PSME",147,2,29,4.99043258677874
1664,"TYE","SC","THPL",140,2,38,4.9416424226093
1665,"TYE","SC","PSME",201,2,51,5.30330490805908
1666,"TYE","SC","PSME",147,2,38,4.99043258677874
1667,"TYE","SC","PSME",147,2,45,4.99043258677874
1668,"TYE","SC","ACMA",85,1,29,4.44265125649032
1669,"TYE","SC","PSME",145,2,52,4.97673374242057
1670,"TYE","SC","PSME",107,2,35,4.67282883446191
1671,"TYE","PL","PSME",180,2,48,5.19295685089021
1672,"TYE","PL","PSME",167,1,42,5.11799381241676
1673,"TYE","PL","PSME",130,1,66,4.86753445045558
1674,"TYE","PL","PSME",127,1,62,4.84418708645859
1675,"TYE","PL","PSME",133,1,75,4.89034912822175
1676,"TYE","PL","PSME",193,1,41,5.26269018890489
1677,"TYE","PL","PSME",152,1,71,5.02388052084628
1679,"TYE","PL","PSME",127,1,47,4.84418708645859
1680,"TYE","PL","PSME",131,1,42,4.87519732320115
1682,"TYE","PL","PSME",152,1,70,5.02388052084628
1683,"TYE","PL","PSME",159,1,34,5.06890420222023
1684,"TYE","PL","PSME",166,1,48,5.11198778835654
1685,"TYE","PL","PSME",180,1,74,5.19295685089021
1686,"TYE","PL","PSME",93,1,35,4.53259949315326
1687,"TYE","PL","PSME",104,1,15,4.64439089914137
1688,"TYE","PL","PSME",104,1,38,4.64439089914137
1690,"TYE","PL","PSME",141,1,54,4.94875989037817
1691,"TYE","PL","PSME",79,1,39,4.36944785246702
1692,"TYE","PL","PSME",122,1,53,4.80402104473326
1693,"TYE","PL","PSME",173,1,54,5.15329159449778
1695,"TYE","PL","PSME",178,1,79,5.18178355029209
1696,"TYE","PL","PSME",124,2,29,4.82028156560504
1697,"TYE","PL","PSME",183,2,45,5.20948615284142
1700,"TYE","PL","CADE",100,2,30,4.60517018598809
1701,"TYE","PL","PSME",83,1,38,4.4188406077966
1702,"TYE","PL","PSME",121,1,38,4.79579054559674
1703,"TYE","PL","PSME",98,2,34,4.58496747867057
1704,"TYE","PL","PSME",140,1,50,4.9416424226093
1705,"TYE","PL","PSME",101,2,26,4.61512051684126
1706,"TYE","PL","PSME",97,1,38,4.57471097850338
1707,"TYE","PL","PSME",109,1,45,4.69134788222914
1708,"TYE","PL","PSME",107,1,58,4.67282883446191
1709,"TYE","PL","PSME",137,1,58,4.91998092582813
1710,"TYE","PL","PSME",138,1,37,4.92725368515721
1711,"TYE","PL","PSME",216,1,43,5.37527840768417
1712,"TYE","PL","PSME",107,1,47,4.67282883446191
1713,"TYE","PL","PSME",111,1,47,4.70953020131233
1714,"TYE","PL","PSME",117,1,61,4.76217393479776
1715,"TYE","PL","ABGR",93,1,37,4.53259949315326
1716,"TYE","PL","PSME",84,2,37,4.43081679884331
1717,"TYE","PL","PSME",158,1,56,5.06259503302697
